-- phpMyAdmin SQL Dump
-- version 4.2.7.1
-- http://www.phpmyadmin.net
--
-- Servidor: 127.0.0.1
-- Tiempo de generación: 30-12-2021 a las 12:47:00
-- Versión del servidor: 5.5.39
-- Versión de PHP: 5.4.31

SET SQL_MODE = "NO_AUTO_VALUE_ON_ZERO";
SET time_zone = "+00:00";


/*!40101 SET @OLD_CHARACTER_SET_CLIENT=@@CHARACTER_SET_CLIENT */;
/*!40101 SET @OLD_CHARACTER_SET_RESULTS=@@CHARACTER_SET_RESULTS */;
/*!40101 SET @OLD_COLLATION_CONNECTION=@@COLLATION_CONNECTION */;
/*!40101 SET NAMES utf8 */;

-- --------------------------------------------------------

--
-- Estructura de tabla para la tabla `asic`
--

CREATE TABLE IF NOT EXISTS `asic` (
`id_asic` int(11) NOT NULL,
  `cod_asic` int(11) NOT NULL,
  `nombre` varchar(100) DEFAULT NULL,
  `limite_norte` varchar(250) DEFAULT NULL,
  `limite_sur` varchar(250) DEFAULT NULL,
  `limite_este` varchar(250) DEFAULT NULL,
  `limite_oeste` varchar(250) DEFAULT NULL,
  `cobertura_mun` tinyint(1) DEFAULT '0'
) ENGINE=MyISAM  DEFAULT CHARSET=utf8 AUTO_INCREMENT=65 ;

--
-- Volcado de datos para la tabla `asic`
--

INSERT INTO `asic` (`id_asic`, `cod_asic`, `nombre`, `limite_norte`, `limite_sur`, `limite_este`, `limite_oeste`, `cobertura_mun`) VALUES
(1, 230028, 'la concepcion', 'municipio mara', 'rio palmar, municipio la cañada de urdaneta', 'municipio maracaibo, municipio san francisco', 'republica de colombia', 1),
(2, 230036, 'la rosa', 'carretera j, av intercomunal trujillo-zulia,', 'municipio simon bolivar', 'parroquia jorge hernandez, parroquia san benito', 'lago de maracaibo', 0),
(3, 230012, 'concepcion', 'municipio san francisco - jesus enrique lossada', 'municipio rosario de perija', 'lago de maracaibo', 'rio palmar, municipio rosario de perija', 1),
(4, 230057, 'santa cruz de mara', 'carretera la repelona (via a marcelino), troncal de caribe, carretera san luis (via las cruces), carretera la pringamosa (via a kasanay), carretera el palo (via las playas)', 'municipio maracaicabo', 'lago de maracaibo', 'carretera el chivato (via a san benito), carretera via el toreao, carretera via los tortolitos, carretera las lomas via las cuatro bocas, carretera via las albaricos (tamare)', 0),
(5, 230061, 'tamare', 'rio tamare', 'carretera j, av cristobal colon, av intercomunal trujillo-zulia', 'av 84 (av 25)', 'lago de maracaibo', 0),
(6, 230017, 'el danto', 'municipio cabimas, rio tamare', 'rio pueblo viejo, canal de desague', 'estado falcon', 'lago de maracaibo, av intercomunal trujillo-zulia, carretera n, calle 51 (via la tuberia), carretera l, av 84 (av 25)', 0),
(7, 230021, 'german rios linares', 'rio el mene u olaya', 'carretera j', 'carretera williams, autopista lara-zulia', 'av intercomunal trujillo-zulia', 0),
(8, 230044, 'nueva venezuela', 'carretera j', 'carretera n', 'av 84 (av 25), carretera l, av 54 (via la tuberia)', 'av intercomunal trujillo-zulia, carretera l, av cristobal colon', 0),
(9, 230050, 'san andres', 'rio palmar', 'rio apon (municipio machiques de perija)', 'carretera nacional machiques - el rosario', 'rio palmar', 0),
(10, 230054, 'la sierrita', 'rio limon, municipio indigena bolivariano guajira', 'municipio jesus enrique lossada', 'carretera el chivato (via a san benito), carretera via el toreao via los tortolitos, carretera las lomas via las cuatro bocas, carretera via las albaricos, carretera via el tronco negro.', 'republica de colombia y parroquia luis de vicente - municipio mara', 0),
(11, 230060, 'sinamaica', 'golfo de venezuela', 'rio limon.', 'municipio insular almirante padilla', 'carretera campo mara-paraguaipoa, parroquia guajira', 0),
(12, 230002, 'alto viento', 'golfo de venezuela', 'carretera via al terminal, carretera via la cucharal, carreretera falcon-zulia', 'quebrada el chito, rio cocuiza', 'lago de maracaibo', 0),
(13, 230003, 'ambrosio', 'lago de maracaibo', 'carretera j, avenida lagoven', 'av intercomunal', 'lago de maracaibo', 0),
(14, 230005, 'bartolome de las casas', 'rio apon (municipio rosario de perija)', 'rio santa ana', 'lago de maracaibo', 'carretera nacional machiques - la fria', 0),
(15, 230006, 'campo venezuela', 'municipio cabimas', 'rio tamare', 'municipio lagunillas', 'lago de maracaibo', 1),
(16, 230007, 'luis de vicente', 'rio guasare, municipio indigena bolivariano guajira', 'parroquia monseñor sergio godoy - municipio mara', 'caño las dos bocas, parroquia las parcelas - municipio mara', 'republica de colombia', 0),
(17, 230008, 'casigua el cubo', 'rio lora, rio santa ana', 'republica de colombia', 'municipio catatumbo', 'republica de colombia', 1),
(18, 230016, 'el chivo', 'lago de maracaibo', 'estado merida', 'rio frio', 'rio chama', 1),
(19, 230019, 'encontrados', 'rio santa ana', 'estado tachira', 'lago de maracaibo, municipio colon', 'muncipio jesus maria semprum', 1),
(20, 230023, 'ilapeca', 'municipio la cañada de urdaneta', 'rio apon (municipio machiques de perija)', 'lago de maracaibo', 'carretera nacional machiques - el rosario', 0),
(21, 230025, 'jorge hernandez', 'carretera j', 'parroquia punta gorda', 'autopista lara-zulia', 'av intercomunal trujillo-zulia', 0),
(22, 230030, 'la gran victoria', 'canal de desague, rio publo viejo', 'rio machango', 'estado falcon', 'lago de maracaibo', 1),
(23, 230034, 'la quinta', 'rio aurare o abrare', 'rio el mene u olaya', 'municipio miranda', 'lago de maracaibo', 1),
(24, 230039, 'la salina', 'carretera via al terminal, carretera via la cucharal, carreretera falcon-zulia', 'municipio cabimas, rio aurare', 'rio cocuiza', 'lago de maracaibo', 0),
(25, 230040, 'libertad', 'rio apon', 'rio santa ana', 'carretera nacional machiques - la fria', 'republica de colombia', 0),
(26, 230046, 'paraguaipoa', 'republica de colombia', 'limite parroquial guajira-sinamaica, carretera campo mara-paraguaipoa, rio guasare.', 'golfo de venezuela', 'republica de colombia', 0),
(27, 230048, 'rancho grande', 'parroquia pueblo nuevo, parroquia san timoteo', 'estado trujillo', 'estado trujillo', 'lago de maracaibo', 0),
(28, 230051, 'san carlos', 'caño caiman, rio birimbay', 'estado tachira', 'rio escalante', 'municipo catatumbo', 0),
(29, 230055, 'san rafael del mojan', 'lago de maracaibo', 'carretera via el mojan via el tronco negro, carretera via ciruelo negro via los tanques negros, carretera via los albaricos', 'lago de maracaibo', 'carretera la repelona (via a marcelino), troncal de caribe, carretera san luis (via las cruces), carretera la pringamosa (via a kasanay), carretera el palo (via las playas)', 0),
(30, 230056, 'santa barbara', 'lago de maracaibo', 'estado merida, estado tachira', 'rio chama', 'rio escalante', 0),
(31, 230059, 'la florida', 'rio machango', 'parroquia libertador', 'estado lara, estado trujillo', 'lago de maracaibo', 0),
(32, 230001, '18 de octubre', 'lago de maracaibo, cañada, av 6 santa rosa', 'prolongacion circunvalacion 2', 'av 6g, av 6h, av milagro norte, av 5', 'av 15 fuerzas armadas, calle 13 (corredor vial milagro norte), av 16 guajira', 0),
(33, 230038, 'lago azul', 'calle 100 corredor vial sabaneta', 'av 19c pomona, calle 114, calle 110, av 19e, calle 112, calle 113(corredor vial los estanques)', 'av circunvalacion 1', 'av circunvalacion 2', 0),
(34, 230004, 'amparo', 'calle 79 (corredor vial la limpia), av 28 (corredor vial la limpia)', 'cañada, cerca terreno, cañada, av 45, calle 94c, av 41. calle 93, cañada, calle 93, av 40, calle 94, av 38,  \ncalle 94a, cañada gonzaga, av 35 postes negros, calle 96, av circunvalacion 1', 'av circunvalacion 1', 'av circunvalacion 2', 0),
(35, 230041, 'los cortijos', 'parroquia marcial hernandez, parroquia domitila flores', 'municipio la cañada de urdaneta', 'cañal (parroquia domitila flores)', 'municipio jesus enrique lossada', 0),
(36, 230042, 'los mangos', 'camino de tierra (b/ etnia guajira, b/ san juan, b/ la guajirita), av 92a, calle 26, av 41, calle 30, calle 31', 'av circunvalacion 2', 'av 30, calle 33, calle 37, av 37b, av 16 guajira', 'corredor vial cujicito (calle 65, calle 51), av 107b', 0),
(37, 230043, 'el manzanillo', 'corredor vial circunvalacion 2, av 17', 'corredor vial circunvalacion 1, calle 18', 'lago de maracaibo', 'av 50', 0),
(38, 230045, 'panamericano', 'corredor vial cujicto (calle 65)', 'calle 79 corredor vial la limpia', 'av circunvalacion 2', 'av 78, calle 66, av 73a, calle 67, av 74, calle 71, av 82', 0),
(39, 230009, 'catatumbo', 'municipio mara', 'camino de tierra (b/ etnia guajira, b/ san juan, b/ la guajirita), av 92a, calle 26, av 41, calle 30, calle 31', 'lago de maracaibo, cañada la vega, av 16 guajira', 'av 107b, calle 10 (via tule), av 108b la sibucara', 0),
(40, 230010, 'cecilio acosta', 'calle 96, calle 95f,  calle 95, av 20, calle 98', 'calle 100 corredor vial sabaneta', 'av 19', 'av circunvalacion 2', 0),
(41, 230047, 'rafael urdaneta', 'av 5 via club hipico', 'calle 148 via a palito blanco', 'av 140, calle 96k (via la concepcion), av 119-d, av 130', 'municipio jesus enrique lossada', 0),
(42, 230011, 'cerros de marin', 'av prolongacion c2', 'calle 77 (5 de julio)', 'lago de maracaibo', 'av 15 delicias', 0),
(43, 230013, 'corito', 'calle 112, av 18b, calle 111, av 18a, calle 110b, av 18c', 'cañada manzanillo, prolongacion circunvalcion 2 via a perija', 'lago de maracaibo', 'calle 109, av 19a-1, av \n19b, calle 109b, av 19d, calle 110b, av 26d, av 18a, calle 106a, av 18 dr colina, \ncalle 19a, av 19c, calle 113, calle 126c, av 26, calle 126', 0),
(44, 230014, 'el bajo', 'calle 175, av 40, calle 171 (calle 19)', 'municiipio la cañada de urdaneta', 'lago de maracaibo', 'av 48', 0),
(45, 230015, 'el callao', 'calle 148', 'parroquia los cortijos', 'av 48, calle 151, av 49, calle 177, av 49f-a, calle 200, av 49g', 'municipio jesus enrique lossada', 0),
(46, 230052, 'san francisco', 'calle 18, corredor vial circunvalacion 1', 'calle 175, av 40,', 'lago de maracaibo', 'calle 171 (calle 19)', 0),
(47, 230053, 'san jacinto', 'calle 13 (corredor vial milagro norte)', 'calle 67 cecilio acosta', 'av 15 fuerzas armadas, av 15 delicias', 'av 16 guajira', 0),
(48, 230018, 'el pinar', 'av 19c pomona, calle 114, calle 110, av 19e, calle 112, calle 113(corredor vial los estanques)', 'calle 134 corredor vial circunvalacion 2', 'av circunvalacion 1', 'av circunvalacion 2', 0),
(49, 230020, 'el gaitero', 'av 67, calle 133, calle 146, av 62, av 145, av 60, av circunvalacion 2', 'calle 148 via a palito blanco', 'av 50', 'calle 100 don manuel belloso', 0),
(50, 230058, 'santa rosalia', 'av circunvalacion 2', 'av 4 bella vista, calle 95 padilla, av 12', 'av 16 guajira, calle 67 (cecilo acosta), av 15 delicias, calle 77 (5 de julio)', 'av 17, av 28 corredor vial la limpia', 0),
(51, 230022, 'guaicaipuro', 'municipio mara', 'calle 79, carretera principal del samide, av 5 via al club hipico', 'av 108a carretera la sibucara, calle 10, av 107b, calle 51 corredor vial cujicito, av 91', 'municipio jesus enrique lossada', 0),
(52, 230024, 'isla de toas', 'golfo de venezuela', 'lago de maracaibo', 'bahia el tablazo', 'municipio indigena bolivariano guajira', 1),
(53, 230062, 'valle frio', 'calle 77 corredor vial 5 de julio', 'calle 100 libertador', 'lago de maracaibo', 'av 12, calle 93 padilla, av 4 bella vista', 0),
(54, 230026, 'jose gregorio hernandez', 'calle 100 corredor vial sabaneta', 'calle 145, av 62, calle 146, calle 133', 'av circunvalacion 2, av 60', 'av 67', 0),
(55, 230063, 'villa baralt', 'av 94g, av 108a ,calle 94', 'calle 98, av circunvalacion 3, calle 95-v', 'av circunvalacion 2', 'av 140, calle 96k (v?a la concepcion), av 119-d', 0),
(56, 230027, 'la chamarreta', 'calle 98, av circunvalacion 3, calle 95-v', 'calle 148 via a palito blanco', 'av circunvalacion 2, av 100 manuel belloso chacin', 'av 130', 0),
(57, 230064, 'zapara', 'lago de maracaibo', 'prolongacion circunvalacion 2', 'lago de maracaibo, cañada zapara, av 2 (corredor vial milagro norte)', 'av 5, av milagro norte, av 6h, av 6g av 6 santa rosa, cañada', 0),
(58, 230029, 'la fortaleza', 'calle 100 corredor vial sabaneta, cañada morillo', 'calle 112, av 18b, calle 111, av 18a, calle 110b, av 18c, calle 109, av 19a-1, av \n19b, calle 109b, av 19d, calle 110b, av 26d, av 18a, calle 106a, av 8, \ncalle 19a, av 19c, calle 113', 'lago de maracaibo', 'av circunvalcion 1', 0),
(59, 230031, 'la macandona', 'calle 79 corredor vial la limpia', 'calle 94, av 108 carretera la sibucara', 'av circunvalacion 2', 'av 91 via la concepcion', 0),
(60, 230032, 'la modelo', 'calle 151', 'municipio la cañada de urdaneta', 'av 48', 'canal, av 49e, calle 177, av 49', 0),
(61, 230033, 'la pastora', 'cañada, cañada, av 45, calle 94c, av 41. calle 93, cañada, calle 93, av 40, calle 94, av 38,  \ncalle 94a, cañada gonzaga, av 35 postes negros, calle 96, av circunvalacion 1, av 28 la limpia', 'av 100 sabaneta, av 19, calle 98, av 19f, calle 95, calle 95f, av 43, calle 96', 'cañada, calle 98, av 17', 'av circunvalacion 2', 0),
(62, 230035, 'la rinconada', 'calle 79b via los lirios', 'av 5 via club hipico', 'av 91 via la concepcion', 'carretera principal del samide', 0),
(63, 230037, 'la victoria', 'calle 51, calle 65', 'calle 71, av 82, calle 79 corredor vial la limpia', 'av 78, calle 66, av 73a, calle 67, av 74', 'av 91 andres eloy blanco', 0),
(64, 230049, 'romulo gallegos', 'lago de maracaibo', 'estado merida', 'rio poco', 'rio frio', 1);

-- --------------------------------------------------------

--
-- Estructura de tabla para la tabla `estados`
--

CREATE TABLE IF NOT EXISTS `estados` (
`id_estado` int(10) unsigned NOT NULL,
  `cod_estado` int(11) NOT NULL,
  `estado` varchar(150) NOT NULL
) ENGINE=MyISAM  DEFAULT CHARSET=utf8 AUTO_INCREMENT=26 ;

--
-- Volcado de datos para la tabla `estados`
--

INSERT INTO `estados` (`id_estado`, `cod_estado`, `estado`) VALUES
(1, 1, 'distrito capital'),
(2, 2, 'amazonas'),
(3, 3, 'anzoategui'),
(4, 4, 'apure'),
(5, 5, 'aragua'),
(6, 6, 'barinas'),
(7, 7, 'bolivar'),
(8, 8, 'carabobo'),
(9, 9, 'cojedes'),
(10, 10, 'delta amacuro'),
(11, 11, 'falcon'),
(12, 12, 'guarico'),
(13, 13, 'lara'),
(14, 14, 'merida'),
(15, 15, 'miranda'),
(16, 16, 'monagas'),
(17, 17, 'nueva esparta'),
(18, 18, 'portuguesa'),
(19, 19, 'sucre'),
(20, 20, 'tachira'),
(21, 21, 'trujillo'),
(22, 22, 'yaracuy'),
(23, 23, 'zulia'),
(24, 25, 'dependencias federales'),
(25, 24, 'la guaira');

-- --------------------------------------------------------

--
-- Estructura de tabla para la tabla `municipios`
--

CREATE TABLE IF NOT EXISTS `municipios` (
`id_mun` int(10) unsigned NOT NULL,
  `cod_estado` int(11) NOT NULL,
  `cod_mun` int(11) NOT NULL,
  `municipio` varchar(150) DEFAULT NULL
) ENGINE=MyISAM  DEFAULT CHARSET=utf8 AUTO_INCREMENT=337 ;

--
-- Volcado de datos para la tabla `municipios`
--

INSERT INTO `municipios` (`id_mun`, `cod_estado`, `cod_mun`, `municipio`) VALUES
(1, 1, 101, 'bolivariano libertador'),
(2, 2, 201, 'autonomo alto orinoco'),
(3, 2, 202, 'autonomo atabapo'),
(4, 2, 203, 'autonomo atures'),
(5, 2, 204, 'autonomo autana'),
(6, 2, 205, 'autonomo maroa'),
(7, 2, 206, 'autonomo manapiare'),
(8, 2, 207, 'autonomo rio negro'),
(9, 3, 301, 'anaco'),
(10, 3, 302, 'aragua'),
(11, 3, 303, 'fernando de peñalver'),
(12, 3, 304, 'francisco del carmen carvajal'),
(13, 3, 305, 'francisco de miranda'),
(14, 3, 306, 'guanta'),
(15, 3, 307, 'independencia'),
(16, 3, 308, 'juan antonio sotillo'),
(17, 3, 309, 'juan manuel cajigal'),
(18, 3, 310, 'jose gregorio monagas'),
(19, 3, 311, 'libertad'),
(20, 3, 312, 'manuel ezequiel bruzual'),
(21, 3, 313, 'pedro maria freites'),
(22, 3, 314, 'piritu'),
(23, 3, 315, 'san jose de guanipa'),
(24, 3, 316, 'san juan de capistrano'),
(25, 3, 317, 'santa ana'),
(26, 3, 318, 'simon bolivar'),
(27, 3, 319, 'simon rodriguez'),
(28, 3, 320, 'sir arthur mc gregor'),
(29, 3, 321, 'turistico diego bautista urbaneja'),
(30, 4, 401, 'autonomo achaguas'),
(31, 4, 402, 'autonomo biruaca'),
(32, 4, 403, 'autonomo muñoz'),
(33, 4, 404, 'autonomo paez'),
(34, 4, 405, 'autonomo pedro camejo'),
(35, 4, 406, 'autonomo romulo gallegos'),
(36, 4, 407, 'autonomo san fernando'),
(37, 5, 501, 'bolivar'),
(38, 5, 502, 'camatagua'),
(39, 5, 503, 'girardot'),
(40, 5, 504, 'jose angel lamas'),
(41, 5, 505, 'jose felix ribas'),
(42, 5, 506, 'jose rafael revenga'),
(43, 5, 507, 'libertador'),
(44, 5, 508, 'mario briceño iragorry'),
(45, 5, 509, 'san casimiro'),
(46, 5, 510, 'san sebastian'),
(47, 5, 511, 'santiago mariño'),
(48, 5, 512, 'santos michelena'),
(49, 5, 513, 'sucre'),
(50, 5, 514, 'tovar'),
(51, 5, 515, 'urdaneta'),
(52, 5, 516, 'zamora'),
(53, 5, 517, 'francisco linares alcantara'),
(54, 5, 518, 'ocumare de la costa de oro'),
(55, 6, 601, 'alberto arvelo torrealba'),
(56, 6, 602, 'antonio jose de sucre'),
(57, 6, 603, 'arismendi'),
(58, 6, 604, 'barinas'),
(59, 6, 605, 'bolivar'),
(60, 6, 606, 'cruz paredes'),
(61, 6, 607, 'ezequiel zamora'),
(62, 6, 608, 'obispos'),
(63, 6, 609, 'pedraza'),
(64, 6, 610, 'rojas'),
(65, 6, 611, 'sosa'),
(66, 6, 612, 'andres eloy blanco'),
(67, 7, 701, 'caroni ciudad'),
(68, 7, 702, 'cedeño'),
(69, 7, 703, 'el callao'),
(70, 7, 704, 'gran sabana'),
(71, 7, 705, 'heres'),
(72, 7, 706, 'piar'),
(73, 7, 707, 'bolivariano angostura'),
(74, 7, 708, 'roscio'),
(75, 7, 709, 'sifontes'),
(76, 7, 710, 'sucre'),
(77, 7, 711, 'padre pedro chien'),
(78, 8, 801, 'bejuma'),
(79, 8, 802, 'carlos arvelo'),
(80, 8, 803, 'diego ibarra'),
(81, 8, 804, 'guacara'),
(82, 8, 805, 'juan jose mora'),
(83, 8, 806, 'libertador'),
(84, 8, 807, 'los guayos'),
(85, 8, 808, 'miranda'),
(86, 8, 809, 'montalban'),
(87, 8, 810, 'naguanagua'),
(88, 8, 811, 'puerto cabello'),
(89, 8, 812, 'san diego'),
(90, 8, 813, 'san joaquin'),
(91, 8, 814, 'valencia'),
(92, 9, 901, 'anzoategui'),
(93, 9, 902, 'tinaquillo'),
(94, 9, 903, 'girardot'),
(95, 9, 904, 'lima blanco'),
(96, 9, 905, 'pao de san juan bautista'),
(97, 9, 906, 'ricaurte'),
(98, 9, 907, 'romulo gallegos'),
(99, 9, 908, 'ezequiel zamora'),
(100, 9, 909, 'tinaco'),
(101, 10, 1001, 'antonio diaz'),
(102, 10, 1002, 'casacoima'),
(103, 10, 1003, 'pedernales'),
(104, 10, 1004, 'tucupita'),
(105, 11, 1101, 'acosta'),
(106, 11, 1102, 'bolivar'),
(107, 11, 1103, 'buchivacoa'),
(108, 11, 1104, 'cacique manaure'),
(109, 11, 1105, 'carirubana'),
(110, 11, 1106, 'colina'),
(111, 11, 1107, 'dabajuro'),
(112, 11, 1108, 'democracia'),
(113, 11, 1109, 'falcon'),
(114, 11, 1110, 'federacion'),
(115, 11, 1111, 'jacura'),
(116, 11, 1112, 'los taques'),
(117, 11, 1113, 'mauroa'),
(118, 11, 1114, 'miranda'),
(119, 11, 1115, 'monseñor iturriza'),
(120, 11, 1116, 'palmasola'),
(121, 11, 1117, 'petit'),
(122, 11, 1118, 'piritu'),
(123, 11, 1119, 'san francisco'),
(124, 11, 1120, 'silva'),
(125, 11, 1121, 'sucre'),
(126, 11, 1122, 'tocopero'),
(127, 11, 1123, 'union'),
(128, 11, 1124, 'urumaco'),
(129, 11, 1125, 'zamora'),
(130, 12, 1201, 'camaguan'),
(131, 12, 1202, 'chaguaramas'),
(132, 12, 1203, 'el socorro'),
(133, 12, 1205, 'leonardo infante'),
(134, 12, 1206, 'las mercedes'),
(135, 12, 1207, 'julian mellado'),
(136, 12, 1208, 'francisco de miranda'),
(137, 12, 1209, 'jose tadeo monagas'),
(138, 12, 1210, 'ortiz'),
(139, 12, 1211, 'jose felix ribas'),
(140, 12, 1212, 'juan german roscio'),
(141, 12, 1213, 'san jose de guaribe'),
(142, 12, 1214, 'santa maria de ipire'),
(143, 12, 1215, 'pedro zaraza'),
(144, 13, 1301, 'andres eloy blanco'),
(145, 13, 1302, 'crespo'),
(146, 13, 1303, 'iribarren'),
(147, 13, 1304, 'jimenez'),
(148, 13, 1305, 'moran'),
(149, 13, 1306, 'palavecino'),
(150, 13, 1307, 'simon planas'),
(151, 13, 1308, 'torres'),
(152, 13, 1309, 'urdaneta'),
(153, 14, 1401, 'alberto adriani'),
(154, 14, 1402, 'andres bello'),
(155, 14, 1403, 'antonio pinto salinas'),
(156, 14, 1404, 'aricagua'),
(157, 14, 1405, 'arzobispo chacon'),
(158, 14, 1406, 'campo elias'),
(159, 14, 1407, 'caracciolo parra olmedo'),
(160, 14, 1408, 'cardenal quintero'),
(161, 14, 1409, 'guaraque'),
(162, 14, 1410, 'julio cesar salas'),
(163, 14, 1411, 'justo briceño'),
(164, 14, 1412, 'libertador'),
(165, 14, 1413, 'miranda'),
(166, 14, 1414, 'obispo ramos de lora'),
(167, 14, 1415, 'padre noguera'),
(168, 14, 1416, 'pueblo llano'),
(169, 14, 1417, 'rangel'),
(170, 14, 1418, 'rivas davila'),
(171, 14, 1419, 'santos marquina'),
(172, 14, 1420, 'sucre'),
(173, 14, 1421, 'tovar'),
(174, 14, 1422, 'tulio febres cordero'),
(175, 14, 1423, 'zea'),
(176, 15, 1501, 'acevedo'),
(177, 15, 1502, 'andres bello'),
(178, 15, 1503, 'baruta'),
(179, 15, 1504, 'brion'),
(180, 15, 1505, 'buroz'),
(181, 15, 1506, 'carrizal'),
(182, 15, 1507, 'chacao'),
(183, 15, 1508, 'cristobal rojas'),
(184, 15, 1509, 'el hatillo'),
(185, 15, 1510, 'bolivariano guaicaipuro'),
(186, 15, 1511, 'independencia'),
(187, 15, 1512, 'lander'),
(188, 15, 1513, 'los salias'),
(189, 15, 1514, 'paez'),
(190, 15, 1515, 'paz castillo'),
(191, 15, 1516, 'pedro gual'),
(192, 15, 1517, 'plaza'),
(193, 15, 1518, 'simon bolivar'),
(194, 15, 1519, 'sucre'),
(195, 15, 1520, 'urdaneta'),
(196, 15, 1521, 'zamora'),
(197, 16, 1601, 'acosta'),
(198, 16, 1602, 'aguasay'),
(199, 16, 1603, 'bolivar'),
(200, 16, 1604, 'caripe'),
(201, 16, 1605, 'cedeño'),
(202, 16, 1606, 'ezequiel zamora'),
(203, 16, 1607, 'libertador'),
(204, 16, 1608, 'maturin'),
(205, 16, 1609, 'piar'),
(206, 16, 1610, 'punceres'),
(207, 16, 1611, 'santa barbara'),
(208, 16, 1612, 'sotillo'),
(209, 16, 1613, 'uracoa'),
(210, 17, 1701, 'antolin del campo'),
(211, 17, 1702, 'arismendi'),
(212, 17, 1703, 'diaz'),
(213, 17, 1704, 'garcia'),
(214, 17, 1705, 'gomez'),
(215, 17, 1706, 'maneiro'),
(216, 17, 1707, 'marcano'),
(217, 17, 1708, 'mariño'),
(218, 17, 1709, 'peninsula de macanao'),
(219, 17, 1710, 'tubores'),
(220, 17, 1711, 'villalba'),
(221, 18, 1801, 'agua blanca'),
(222, 18, 1802, 'araure'),
(223, 18, 1803, 'esteller'),
(224, 18, 1804, 'guanare'),
(225, 18, 1805, 'guanarito'),
(226, 18, 1806, 'monseñor jose vicente de unda'),
(227, 18, 1807, 'ospino'),
(228, 18, 1808, 'paez'),
(229, 18, 1809, 'papelon'),
(230, 18, 1810, 'san genaro de boconoito'),
(231, 18, 1811, 'san rafael de onoto'),
(232, 18, 1812, 'santa rosalia'),
(233, 18, 1813, 'sucre'),
(234, 18, 1814, 'turen'),
(235, 19, 1901, 'andres eloy blanco'),
(236, 19, 1902, 'andres mata'),
(237, 19, 1903, 'arismendi'),
(238, 19, 1904, 'benitez'),
(239, 19, 1905, 'bermudez'),
(240, 19, 1906, 'bolivar'),
(241, 19, 1907, 'cajigal'),
(242, 19, 1908, 'cruz salmeron acosta'),
(243, 19, 1909, 'libertador'),
(244, 19, 1910, 'mariño'),
(245, 19, 1911, 'mejia'),
(246, 19, 1912, 'montes'),
(247, 19, 1913, 'ribero'),
(248, 19, 1914, 'sucre'),
(249, 19, 1915, 'valdez'),
(250, 20, 2001, 'andres bello'),
(251, 20, 2002, 'antonio romulo costa'),
(252, 20, 2003, 'ayacucho'),
(253, 20, 2004, 'bolivar'),
(254, 20, 2005, 'cardenas'),
(255, 20, 2006, 'cordoba'),
(256, 20, 2007, 'fernandez feo'),
(257, 20, 2008, 'francisco de miranda'),
(258, 20, 2009, 'garcia de hevia'),
(259, 20, 2010, 'guasimos'),
(260, 20, 2011, 'independencia'),
(261, 20, 2012, 'jauregui'),
(262, 20, 2013, 'jose maria vargas'),
(263, 20, 2014, 'junin'),
(264, 20, 2015, 'libertad'),
(265, 20, 2016, 'libertador'),
(266, 20, 2017, 'lobatera'),
(267, 20, 2018, 'michelena'),
(268, 20, 2019, 'panamericano'),
(269, 20, 2020, 'pedro maria ureña'),
(270, 20, 2021, 'rafael urdaneta'),
(271, 20, 2022, 'samuel dario maldonado'),
(272, 20, 2023, 'san cristobal'),
(273, 20, 2024, 'seboruco'),
(274, 20, 2025, 'simon rodriguez'),
(275, 20, 2026, 'sucre'),
(276, 20, 2027, 'torbes'),
(277, 20, 2028, 'uribante'),
(278, 20, 2029, 'san judas tadeo'),
(279, 21, 2101, 'andres bello'),
(280, 21, 2102, 'bocono'),
(281, 21, 2103, 'bolivar'),
(282, 21, 2104, 'candelaria'),
(283, 21, 2105, 'carache'),
(284, 21, 2106, 'escuque'),
(285, 21, 2107, 'jose felipe marquez cañizales'),
(286, 21, 2108, 'juan vicente campo elias'),
(287, 21, 2109, 'la ceiba'),
(288, 21, 2110, 'miranda'),
(289, 21, 2111, 'monte carmelo'),
(290, 21, 2112, 'motatan'),
(291, 21, 2113, 'pampan'),
(292, 21, 2114, 'pampanito'),
(293, 21, 2115, 'rafael rangel'),
(294, 21, 2116, 'san rafael de carvajal'),
(295, 21, 2117, 'sucre'),
(296, 21, 2118, 'trujillo'),
(297, 21, 2119, 'urdaneta'),
(298, 21, 2120, 'valera'),
(299, 24, 2401, 'vargas'),
(300, 22, 2201, 'aristides bastidas'),
(301, 22, 2202, 'bolivar'),
(302, 22, 2203, 'bruzual'),
(303, 22, 2204, 'cocorote'),
(304, 22, 2205, 'independencia'),
(305, 22, 2206, 'jose antonio paez'),
(306, 22, 2207, 'la trinidad'),
(307, 22, 2208, 'manuel monge'),
(308, 22, 2209, 'nirgua'),
(309, 22, 2210, 'peña'),
(310, 22, 2211, 'san felipe'),
(311, 22, 2212, 'sucre'),
(312, 22, 2213, 'urachiche'),
(313, 22, 2214, 'veroes'),
(314, 25, 2501, 'dependencias federales'),
(315, 12, 1204, 'san geronimo de guayabal'),
(316, 23, 2301, 'almirante padilla'),
(317, 23, 2302, 'baralt'),
(318, 23, 2303, 'cabimas'),
(319, 23, 2304, 'catatumbo'),
(320, 23, 2305, 'colon'),
(321, 23, 2306, 'francisco javier pulgar'),
(322, 23, 2307, 'jesus enrique lossada'),
(323, 23, 2308, 'jesus maria semprum'),
(324, 23, 2309, 'la cañada de urdaneta'),
(325, 23, 2310, 'lagunillas'),
(326, 23, 2311, 'machiques de perija'),
(327, 23, 2312, 'mara'),
(328, 23, 2313, 'maracaibo'),
(329, 23, 2314, 'miranda'),
(330, 23, 2315, 'indigena bolivariano guajira'),
(331, 23, 2316, 'rosario de perija'),
(332, 23, 2317, 'san francisco'),
(333, 23, 2318, 'santa rita'),
(334, 23, 2319, 'simon bolivar'),
(335, 23, 2320, 'sucre'),
(336, 23, 2321, 'valmore rodriguez');

-- --------------------------------------------------------

--
-- Estructura de tabla para la tabla `parroquias`
--

CREATE TABLE IF NOT EXISTS `parroquias` (
`id_parr` int(10) unsigned NOT NULL,
  `cod_mun` int(11) NOT NULL,
  `cod_parr` int(11) NOT NULL,
  `parroquia` varchar(150) NOT NULL
) ENGINE=MyISAM  DEFAULT CHARSET=utf8 AUTO_INCREMENT=1144 ;

--
-- Volcado de datos para la tabla `parroquias`
--

INSERT INTO `parroquias` (`id_parr`, `cod_mun`, `cod_parr`, `parroquia`) VALUES
(1, 101, 10101, 'altagracia'),
(2, 101, 10102, 'antimano'),
(3, 101, 10103, 'candelaria'),
(4, 101, 10104, 'caricuao'),
(5, 101, 10105, 'catedral'),
(6, 101, 10106, 'coche'),
(7, 101, 10107, 'el junquito'),
(8, 101, 10108, 'el paraiso'),
(9, 101, 10109, 'el recreo'),
(10, 101, 10110, 'el valle'),
(11, 101, 10111, 'la pastora'),
(12, 101, 10112, 'la vega'),
(13, 101, 10113, 'macarao'),
(14, 101, 10114, 'san agustin'),
(15, 101, 10115, 'san bernardino'),
(16, 101, 10116, 'san jose'),
(17, 101, 10117, 'san juan'),
(18, 101, 10118, 'san pedro'),
(19, 101, 10119, 'santa rosalia'),
(20, 101, 10120, 'santa teresa'),
(21, 101, 10121, 'sucre'),
(22, 101, 10122, '23 de enero'),
(23, 201, 20101, 'huachamacare'),
(24, 201, 20102, 'marawaka'),
(25, 201, 20103, 'mavaca'),
(26, 201, 20104, 'sierra parima'),
(27, 202, 20201, 'ucata'),
(28, 202, 20202, 'yapacana'),
(29, 202, 20203, 'caname'),
(30, 203, 20301, 'fernando giron tovar'),
(31, 203, 20302, 'luis alberto gomez'),
(32, 203, 20303, 'parhueña'),
(33, 203, 20304, 'platanillal'),
(34, 204, 20401, 'samariapo'),
(35, 204, 20402, 'sipapo'),
(36, 204, 20403, 'munduapo'),
(37, 204, 20404, 'guayapo'),
(38, 205, 20501, 'victorino'),
(39, 205, 20502, 'comunidad'),
(40, 206, 20601, 'alto ventuari'),
(41, 206, 20602, 'medio ventuari'),
(42, 206, 20603, 'bajo ventuari'),
(43, 207, 20701, 'solano'),
(44, 207, 20702, 'casiquiare'),
(45, 207, 20703, 'cocuy'),
(46, 301, 30102, 'san joaquin'),
(47, 301, 30103, 'buena vista'),
(48, 302, 30202, 'cachipo'),
(49, 303, 30302, 'san miguel'),
(50, 303, 30303, 'sucre'),
(51, 304, 30402, 'santa barbara'),
(52, 305, 30502, 'atapirire'),
(53, 305, 30503, 'boca del pao'),
(54, 305, 30504, 'el pao'),
(55, 306, 30602, 'chorreron'),
(56, 307, 30702, 'mamo'),
(57, 308, 30802, 'pozuelos'),
(58, 309, 30902, 'san pablo'),
(59, 310, 31003, 'san diego de cabrutica'),
(60, 310, 31004, 'santa clara'),
(61, 310, 31005, 'uverito'),
(62, 310, 31006, 'zuata'),
(63, 311, 31102, 'el carito'),
(64, 311, 31103, 'santa ines'),
(65, 312, 31202, 'guanape'),
(66, 312, 31203, 'sabana de uchire'),
(67, 313, 31302, 'libertador'),
(68, 313, 31303, 'santa rosa'),
(69, 313, 31304, 'urica'),
(70, 314, 31402, 'san francisco'),
(71, 316, 31602, 'boca de chavez'),
(72, 317, 31702, 'pueblo nuevo'),
(73, 318, 31801, 'el carmen'),
(74, 318, 31802, 'san cristobal'),
(75, 318, 31803, 'bergantin'),
(76, 318, 31804, 'caigua'),
(77, 318, 31805, 'el pilar'),
(78, 318, 31806, 'naricual'),
(79, 319, 31901, 'edmundo barrios'),
(80, 320, 32002, 'tomas alfaro calatrava'),
(81, 321, 32102, 'el morro'),
(82, 401, 40102, 'apurito'),
(83, 401, 40103, 'el yagual'),
(84, 401, 40104, 'guachara'),
(85, 401, 40105, 'mucuritas'),
(86, 401, 40106, 'queseras del medio'),
(87, 403, 40302, 'mantecal'),
(88, 403, 40303, 'quintero'),
(89, 403, 40304, 'rincon hondo'),
(90, 403, 40305, 'san vicente'),
(91, 404, 40402, 'aramendi'),
(92, 404, 40403, 'el amparo'),
(93, 404, 40404, 'san camilo'),
(94, 404, 40405, 'urdaneta'),
(95, 405, 40502, 'codazzi'),
(96, 405, 40503, 'cunaviche'),
(97, 406, 40602, 'la trinidad'),
(98, 407, 40702, 'el recreo'),
(99, 407, 40703, 'peñalver'),
(100, 407, 40704, 'san rafael de atamaica'),
(101, 502, 50201, 'camatagua'),
(102, 310, 31002, 'piar'),
(103, 301, 30101, 'anaco'),
(104, 302, 30201, 'aragua'),
(105, 303, 30301, 'fernando de peñalver'),
(106, 304, 30401, 'francisco del carmen carvajal'),
(107, 305, 30501, 'francisco de miranda del carmen carvajal'),
(108, 306, 30601, 'guanta'),
(109, 307, 30701, 'independencia'),
(110, 308, 30801, 'puerto la cruz'),
(111, 309, 30901, 'juan manuel cajigal'),
(112, 310, 31001, 'jose gregorio monagas'),
(113, 311, 31101, 'libertad'),
(114, 312, 31201, 'manuel ezequiel bruzual'),
(115, 313, 31301, 'pedro maria freites'),
(116, 314, 31401, 'piritu'),
(117, 315, 31501, 'san jose de guanipa'),
(118, 316, 31601, 'san juan de capistrano'),
(119, 317, 31701, 'santa ana'),
(120, 320, 32001, 'sir arthur mc gregor'),
(121, 321, 32101, 'diego bautista urbaneja'),
(122, 501, 50101, 'bolivar'),
(123, 504, 50401, 'jose angel lamas'),
(124, 401, 40101, 'achaguas'),
(125, 402, 40201, 'biruaca'),
(126, 403, 40301, 'bruzual'),
(127, 404, 40401, 'guasdualito'),
(128, 405, 40501, 'san juan de payara'),
(129, 406, 40601, 'elorza'),
(130, 407, 40701, 'san fernando'),
(131, 503, 50303, 'las delicias'),
(132, 503, 50304, 'madre maria de san jose'),
(133, 503, 50305, 'joaquin crespo'),
(134, 503, 50306, 'pedro jose ovalles'),
(135, 503, 50307, 'jose casanova godoy'),
(136, 503, 50308, 'andres eloy blanco'),
(137, 503, 50309, 'los tacariguas'),
(138, 505, 50501, 'juan vicente bolivar y ponte'),
(139, 505, 50502, 'castor nieves rios'),
(140, 502, 50202, 'carmen de cura'),
(141, 503, 50302, 'choroni'),
(142, 507, 50701, 'libertador'),
(143, 508, 50801, 'mario briceño iragorry'),
(144, 509, 50901, 'san casimiro'),
(145, 511, 51101, 'santiago mariño'),
(146, 512, 51201, 'santos michelena'),
(147, 513, 51301, 'sucre'),
(148, 515, 51501, 'urdaneta'),
(149, 516, 51601, 'zamora'),
(150, 517, 51701, 'francisco linares alcantara'),
(151, 518, 51801, 'ocumare de la costa'),
(152, 601, 60101, 'sabaneta'),
(153, 601, 60102, 'rodriguez dominguez'),
(154, 602, 60201, 'ticoporo'),
(155, 602, 60202, 'andres bello'),
(156, 602, 60203, 'nicolas pulido'),
(157, 603, 60301, 'arismendi'),
(158, 603, 60302, 'guadarrama'),
(159, 603, 60303, 'la union'),
(160, 603, 60304, 'san antonio'),
(161, 604, 60401, 'barinas'),
(162, 604, 60402, 'alfredo arvelo larriva'),
(163, 604, 60403, 'san silvestre'),
(164, 604, 60404, 'santa ines'),
(165, 604, 60405, 'santa lucia'),
(166, 604, 60406, 'torunos'),
(167, 604, 60407, 'el carmen'),
(168, 604, 60408, 'don romulo betancourt'),
(169, 604, 60409, 'corazon de jesus'),
(170, 604, 60410, 'ramon ignacio mendez'),
(171, 604, 60411, 'alto barinas'),
(172, 604, 60412, 'manuel palacio fajardo'),
(173, 604, 60413, 'juan antonio rodriguez dominguez'),
(174, 604, 60414, 'dominga ortiz de paez'),
(175, 605, 60501, 'barinitas'),
(176, 605, 60502, 'altamira'),
(177, 605, 60503, 'calderas'),
(178, 606, 60601, 'barrancas'),
(179, 606, 60602, 'el socorro'),
(180, 606, 60603, 'masparrito'),
(181, 607, 60701, 'santa barbara'),
(182, 607, 60702, 'jose ignacio del pumar pedraza'),
(183, 607, 60703, 'pedro briceño mendez'),
(184, 607, 60704, 'ramon ignacio mendez'),
(185, 608, 60801, 'obispos'),
(186, 608, 60802, 'el real'),
(187, 608, 60803, 'la luz'),
(188, 608, 60804, 'los guasimitos'),
(189, 609, 60901, 'ciudad bolivia'),
(190, 609, 60902, 'ignacio briceño'),
(191, 609, 60903, 'jose felix ribas'),
(192, 609, 60904, 'paez'),
(193, 610, 61001, 'libertad'),
(194, 610, 61002, 'dolores'),
(195, 610, 61003, 'palacios fajardo'),
(196, 610, 61004, 'santa rosa'),
(197, 610, 61005, 'simon rodriguez'),
(198, 611, 61101, 'ciudad de nutrias'),
(199, 611, 61102, 'el regalo'),
(200, 611, 61103, 'puerto de nutrias'),
(201, 611, 61104, 'santa catalina'),
(202, 611, 61105, 'simon bolivar'),
(203, 612, 61201, 'el canton'),
(204, 612, 61202, 'santa cruz de guacas'),
(205, 612, 61203, 'puerto vivas'),
(206, 701, 70101, 'cachamay'),
(207, 701, 70102, 'chirica'),
(208, 701, 70103, 'dalla costa'),
(209, 701, 70104, 'once de abril'),
(210, 701, 70105, 'simon bolivar'),
(211, 701, 70106, 'unare'),
(212, 701, 70107, 'universidad'),
(213, 701, 70108, 'vista al sol'),
(214, 701, 70109, 'pozo verde'),
(215, 701, 70110, 'yocoima'),
(216, 701, 70111, 'cinco de julio'),
(217, 702, 70202, 'altagracia'),
(218, 702, 70203, 'ascencion ferreras'),
(219, 702, 70204, 'guaniamo'),
(220, 702, 70205, 'la urbana'),
(221, 702, 70206, 'los pijiguaos'),
(222, 704, 70402, 'ikabaru'),
(223, 705, 70501, 'agua salada'),
(224, 705, 70502, 'catedral'),
(225, 705, 70503, 'jose antonio paez'),
(226, 705, 70504, 'la sabanita'),
(227, 705, 70505, 'marhuanta'),
(228, 705, 70506, 'vista hermosa'),
(229, 705, 70507, 'orinoco'),
(230, 705, 70508, 'panapana'),
(231, 705, 70509, 'zea'),
(232, 706, 70602, 'andres eloy blanco'),
(233, 706, 70603, 'pedro cova'),
(234, 707, 70702, 'barceloneta'),
(235, 707, 70703, 'san francisco'),
(236, 707, 70704, 'santa barbara'),
(237, 708, 70802, 'salom'),
(238, 709, 70902, 'dalla costa'),
(239, 709, 70903, 'san isidro'),
(240, 710, 71002, 'aripao'),
(241, 710, 71003, 'guarataro'),
(242, 710, 71004, 'las majadas'),
(243, 710, 71005, 'moitaco'),
(244, 510, 51001, 'san sebastian'),
(245, 514, 51401, 'tovar'),
(246, 702, 70201, 'cedeño'),
(247, 703, 70301, 'el callao'),
(248, 704, 70401, 'gran sabana'),
(249, 706, 70601, 'piar'),
(250, 707, 70701, 'angostura'),
(251, 708, 70801, 'roscio'),
(252, 709, 70901, 'sifontes'),
(253, 711, 71101, 'padre pedro chien'),
(254, 710, 71001, 'sucre'),
(255, 508, 50802, 'caña de azucar'),
(256, 505, 50503, 'las guacamayas'),
(257, 505, 50504, 'pao de zarate'),
(258, 505, 50505, 'zuata'),
(259, 507, 50702, 'san martin de porres'),
(260, 509, 50902, 'guiripa'),
(261, 509, 50903, 'ollas de caramacate'),
(262, 509, 50904, 'valle morin'),
(263, 511, 51102, 'arevalo aponte'),
(264, 511, 51103, 'chuao'),
(265, 511, 51105, 'alfredo pacheco miranda'),
(266, 511, 51104, 'saman de guere'),
(267, 512, 51202, 'tiara'),
(268, 513, 51302, 'bella vista'),
(269, 515, 51502, 'las peñitas'),
(270, 515, 51503, 'san francisco de cara'),
(271, 515, 51504, 'taguay'),
(272, 516, 51602, 'magdaleno'),
(273, 516, 51603, 'san francisco de asis'),
(274, 516, 51604, 'valles de tucutunemo'),
(275, 516, 51605, 'augusto mijares'),
(276, 517, 51702, 'francisco de miranda'),
(277, 517, 51703, 'monseñor feliciano gonzalez'),
(278, 901, 90101, 'cojedes'),
(279, 901, 90102, 'juan de mata suarez'),
(280, 902, 90201, 'tinaquillo'),
(281, 903, 90301, 'el baul'),
(282, 903, 90302, 'sucre'),
(283, 904, 90401, 'macapo'),
(284, 904, 90402, 'la aguadita'),
(285, 905, 90501, 'el pao'),
(286, 906, 90601, 'libertad de cojedes'),
(287, 906, 90602, 'el amparo'),
(288, 907, 90701, 'romulo gallegos'),
(289, 908, 90801, 'san carlos de austria'),
(290, 908, 90802, 'juan angel bravo'),
(291, 908, 90803, 'manuel manrique'),
(292, 1205, 120502, 'espino'),
(293, 909, 90901, 'general en jefe jose laurencio silva'),
(294, 1001, 100101, 'curiapo'),
(295, 1001, 100102, 'almirante luis brion'),
(296, 1001, 100103, 'francisco aniceto lugo'),
(297, 1001, 100104, 'manuel renaud'),
(298, 1001, 100105, 'padre barral'),
(299, 1001, 100106, 'santos de abelgas'),
(300, 1002, 100201, 'imataca'),
(301, 1002, 100202, 'cinco de julio'),
(302, 1002, 100203, 'juan bautista arismendi'),
(303, 1002, 100204, 'manuel piar'),
(304, 1002, 100205, 'romulo gallegos'),
(305, 1003, 100301, 'pedernales'),
(306, 1003, 100302, 'luis beltran prieto figueroa'),
(307, 1004, 100401, 'san jose'),
(308, 1004, 100402, 'jose vidal marcano'),
(309, 1004, 100403, 'juan millan'),
(310, 1004, 100404, 'leonardo ruiz pineda'),
(311, 1004, 100405, 'mariscal antonio jose de sucre'),
(312, 1004, 100406, 'monseñor argimiro garcia'),
(313, 1004, 100407, 'san rafael'),
(314, 1004, 100408, 'virgen del valle'),
(315, 1101, 110101, 'san juan de los cayos'),
(316, 1101, 110102, 'capadare'),
(317, 1101, 110103, 'la pastora'),
(318, 1101, 110104, 'libertador'),
(319, 1102, 110201, 'san luis'),
(320, 1102, 110202, 'aracua'),
(321, 1102, 110203, 'la peña'),
(322, 1103, 110301, 'capatarida'),
(323, 1103, 110302, 'bariro'),
(324, 1103, 110303, 'borojo'),
(325, 1103, 110304, 'guajiro'),
(326, 1103, 110305, 'seque'),
(327, 1103, 110306, 'zazarida'),
(328, 1104, 110401, 'cacique manaure'),
(329, 1105, 110501, 'carirubana'),
(330, 1105, 110502, 'norte'),
(331, 1105, 110503, 'punta cardon'),
(332, 1105, 110504, 'santa ana'),
(333, 1106, 110601, 'la vela de coro'),
(334, 1106, 110602, 'acurigua'),
(335, 1106, 110603, 'guaibacoa'),
(336, 1106, 110604, 'las calderas'),
(337, 1106, 110605, 'macoruca'),
(338, 1107, 110701, 'dabajuro'),
(339, 1108, 110801, 'pedregal'),
(340, 1108, 110802, 'agua clara'),
(341, 1108, 110803, 'avaria'),
(342, 1108, 110804, 'piedra grande'),
(343, 1108, 110805, 'purureche'),
(344, 1109, 110901, 'pueblo nuevo'),
(345, 1109, 110902, 'adicora'),
(346, 1109, 110903, 'baraived'),
(347, 1109, 110904, 'buena vista'),
(348, 1109, 110905, 'jadacaquiva'),
(349, 1109, 110906, 'moruy'),
(350, 1109, 110907, 'adaure'),
(351, 1109, 110908, 'el hato'),
(352, 1109, 110909, 'el vinculo'),
(353, 1110, 111001, 'churuguara'),
(354, 1110, 111002, 'agua larga'),
(355, 1110, 111003, 'el pauji'),
(356, 1110, 111004, 'independencia'),
(357, 1110, 111005, 'maparari'),
(358, 1111, 111101, 'jacura'),
(359, 1111, 111102, 'agua linda'),
(360, 1111, 111103, 'araurima'),
(361, 1112, 111201, 'los taques'),
(362, 1112, 111202, 'judibana'),
(363, 1113, 111301, 'mene de mauroa'),
(364, 1113, 111302, 'casigua'),
(365, 1113, 111303, 'san felix'),
(366, 1114, 111401, 'san antonio'),
(367, 1114, 111402, 'san gabriel'),
(368, 1114, 111403, 'santa ana'),
(369, 1114, 111404, 'guzman guillermo'),
(370, 1114, 111405, 'mitare'),
(371, 1114, 111406, 'rio seco'),
(372, 1114, 111407, 'sabaneta'),
(373, 1115, 111501, 'chichiriviche'),
(374, 1115, 111502, 'boca de tocuyo'),
(375, 1115, 111503, 'tocuyo de la costa'),
(376, 1116, 111601, 'palmasola'),
(377, 1117, 111701, 'cabure'),
(378, 1117, 111702, 'colina'),
(379, 1117, 111703, 'curimagua'),
(380, 1118, 111801, 'piritu'),
(381, 1118, 111802, 'san jose de la costa'),
(382, 1119, 111901, 'san francisco'),
(383, 801, 80101, 'bejuma'),
(384, 803, 80301, 'aguas calientes'),
(385, 803, 80302, 'mariara'),
(386, 804, 80401, 'ciudad alianza'),
(387, 804, 80402, 'guacara'),
(388, 805, 80501, 'moron'),
(389, 806, 80601, 'tocuyito'),
(390, 806, 80602, 'independencia'),
(391, 807, 80701, 'los guayos'),
(392, 808, 80801, 'miranda'),
(393, 809, 80901, 'montalban'),
(394, 810, 81001, 'naguanagua'),
(395, 811, 81101, 'bartolome salom'),
(396, 811, 81102, 'democracia'),
(397, 811, 81103, 'fraternidad'),
(398, 811, 81104, 'goaigoaza'),
(399, 811, 81105, 'juan jose flores'),
(400, 811, 81106, 'union'),
(401, 812, 81201, 'san diego'),
(402, 813, 81301, 'san joaquin'),
(403, 814, 81401, 'candelaria'),
(404, 814, 81402, 'catedral'),
(405, 814, 81403, 'el socorro'),
(406, 814, 81404, 'miguel peña'),
(407, 814, 81405, 'rafael urdaneta'),
(408, 814, 81406, 'san blas'),
(409, 814, 81407, 'san jose'),
(410, 814, 81408, 'santa rosa'),
(411, 801, 80102, 'canoabo'),
(412, 801, 80103, 'simon bolivar'),
(413, 802, 80202, 'belen'),
(414, 802, 80203, 'tacarigua central'),
(415, 804, 80403, 'yagua'),
(416, 805, 80502, 'urama'),
(417, 811, 81107, 'borburata'),
(418, 811, 81108, 'patanemo'),
(419, 814, 81409, 'negro primero'),
(420, 1120, 112001, 'tucacas'),
(421, 1120, 112002, 'boca de aroa'),
(422, 1121, 112101, 'sucre'),
(423, 1121, 112102, 'pecaya'),
(424, 1122, 112201, 'tocopero'),
(425, 1123, 112301, 'santa cruz de bucaral'),
(426, 1123, 112302, 'el charal'),
(427, 1124, 112401, 'urumaco'),
(428, 1124, 112402, 'bruzual'),
(429, 1125, 112501, 'puerto cumarebo'),
(430, 1125, 112502, 'la cienega'),
(431, 1125, 112503, 'la soledad'),
(432, 1125, 112504, 'pueblo cumarebo'),
(433, 1125, 112505, 'zazarida'),
(434, 1201, 120101, 'camaguan'),
(435, 1201, 120102, 'puerto miranda'),
(436, 1201, 120103, 'uverito'),
(437, 1202, 120201, 'chaguaramas'),
(438, 1203, 120301, 'el socorro'),
(439, 1204, 120402, 'cazorla'),
(440, 1206, 120602, 'cabruta'),
(441, 1206, 120603, 'santa rita de manapire'),
(442, 1207, 120702, 'sosa'),
(443, 1208, 120802, 'el calvario'),
(444, 1208, 120803, 'el rastro'),
(445, 1208, 120804, 'guardatinajas'),
(446, 1209, 120902, 'lezama'),
(447, 1209, 120903, 'libertad de orituco'),
(448, 1209, 120904, 'paso real de macaira'),
(449, 1209, 120905, 'san francisco de macaira'),
(450, 1209, 120906, 'san rafael de orituco'),
(451, 1209, 120907, 'soublette'),
(452, 1210, 121002, 'san francisco de tiznado'),
(453, 1210, 121003, 'san jose de tiznado'),
(454, 1210, 121004, 'san lorenzo de tiznado'),
(455, 1211, 121102, 'san rafael de laya'),
(456, 1212, 121202, 'cantagallo'),
(457, 1212, 121203, 'parapara'),
(458, 1213, 121301, 'san jose de guaribe'),
(459, 1214, 121402, 'altamira'),
(460, 1215, 121502, 'san jose de unare'),
(461, 1301, 130101, 'pio tamayo'),
(462, 1301, 130102, 'quebrada honda de guache'),
(463, 1301, 130103, 'yacambu'),
(464, 1302, 130201, 'freitez'),
(465, 1302, 130202, 'jose maria blanco'),
(466, 1303, 130301, 'catedral'),
(467, 1303, 130302, 'concepcion'),
(468, 1303, 130303, 'el cuji'),
(469, 1303, 130304, 'juan de villegas'),
(470, 1303, 130305, 'santa rosa'),
(471, 1303, 130306, 'tamaca'),
(472, 1303, 130307, 'union'),
(473, 1303, 130308, 'aguedo felipe alvarado'),
(474, 1303, 130309, 'buena vista'),
(475, 1303, 130310, 'juarez'),
(476, 1304, 130401, 'juan bautista rodriguez'),
(477, 1304, 130402, 'cuara'),
(478, 1304, 130403, 'diego de lozada'),
(479, 1304, 130404, 'paraiso de san jose'),
(480, 1304, 130405, 'san miguel'),
(481, 1304, 130406, 'tintorero'),
(482, 1304, 130407, 'cabo jose bernardo dorante'),
(483, 1304, 130408, 'coronel mariano peraza'),
(484, 1305, 130501, 'bolivar'),
(485, 1305, 130502, 'anzoategui'),
(486, 1305, 130503, 'guarico'),
(487, 1305, 130504, 'hilario luna y luna'),
(488, 1305, 130505, 'humocaro alto'),
(489, 1305, 130506, 'humocaro bajo'),
(490, 1305, 130507, 'la candelaria'),
(491, 1305, 130508, 'moran'),
(492, 1306, 130601, 'cabudare'),
(493, 1306, 130602, 'jose gregorio bastidas'),
(494, 1306, 130603, 'agua viva'),
(495, 1307, 130701, 'sarare'),
(496, 1307, 130702, 'buria'),
(497, 1307, 130703, 'gustavo vegas leon'),
(498, 1308, 130801, 'trinidad samuel'),
(499, 1308, 130802, 'antonio diaz'),
(500, 1308, 130803, 'camacaro'),
(501, 1308, 130804, 'castañeda'),
(502, 1308, 130805, 'cecilio zubillaga'),
(503, 1308, 130806, 'chiquinquira'),
(504, 1308, 130807, 'el blanco'),
(505, 1308, 130808, 'espinoza de los monteros'),
(506, 1308, 130809, 'lara'),
(507, 1308, 130810, 'las mercedes'),
(508, 1308, 130811, 'manuel morillo'),
(509, 1308, 130812, 'montaña verde'),
(510, 1308, 130813, 'montes de oca'),
(511, 1308, 130814, 'torres'),
(512, 1308, 130815, 'heriberto arroyo'),
(513, 1308, 130816, 'reyes vargas'),
(514, 1308, 130817, 'altagracia'),
(515, 1309, 130901, 'siquisique'),
(516, 1309, 130902, 'moroturo'),
(517, 1309, 130903, 'san miguel'),
(518, 1309, 130904, 'xaguas'),
(519, 1401, 140101, 'presidente betancourt'),
(520, 1401, 140102, 'presidente paez'),
(521, 1401, 140103, 'presidente romulo gallegos'),
(522, 1401, 140104, 'gabriel picon gonzalez'),
(523, 1401, 140105, 'hector amable mora'),
(524, 1401, 140106, 'jose nucete sardi'),
(525, 1401, 140107, 'pulido mendez'),
(526, 1402, 140201, 'andres bello'),
(527, 1403, 140302, 'mesa bolivar'),
(528, 1403, 140303, 'mesa de las palmas'),
(529, 1404, 140402, 'san antonio'),
(530, 1405, 140502, 'capuri'),
(531, 1405, 140503, 'chacanta'),
(532, 1405, 140504, 'el molino'),
(533, 1405, 140505, 'guaimaral'),
(534, 1405, 140506, 'mucutuy'),
(535, 1405, 140507, 'mucuchachi'),
(536, 1406, 140601, 'fernandez peña'),
(537, 1406, 140602, 'matriz'),
(538, 1406, 140603, 'montalban'),
(539, 1406, 140604, 'acequias'),
(540, 1406, 140605, 'jaji'),
(541, 1406, 140606, 'la mesa'),
(542, 1406, 140607, 'san jose del sur'),
(543, 1407, 140702, 'florencio ramirez'),
(544, 1204, 120401, 'san geronimo de guayabal'),
(545, 1205, 120501, 'valle de la pascua'),
(546, 1206, 120601, 'las mercedes'),
(547, 1207, 120701, 'el sombrero'),
(548, 1208, 120801, 'calabozo'),
(549, 1209, 120901, 'altagracia de orituco'),
(550, 1210, 121001, 'ortiz'),
(551, 1211, 121101, 'tucupido'),
(552, 1212, 121201, 'san juan de los morros'),
(553, 1214, 121401, 'santa maria de ipire'),
(554, 1215, 121501, 'zaraza'),
(555, 1403, 140301, 'pinto salinas'),
(556, 1404, 140401, 'aricagua'),
(557, 1407, 140701, 'caracciolo parra olmedo'),
(558, 1405, 140501, 'arzobispo chacon'),
(559, 1408, 140802, 'las piedras'),
(560, 1409, 140902, 'mesa de quintero'),
(561, 1409, 140903, 'rio negro'),
(562, 1410, 141002, 'palmira'),
(563, 1411, 141102, 'san cristobal de torondoy'),
(564, 1412, 141201, 'antonio spinetti dini'),
(565, 1412, 141202, 'arias'),
(566, 1412, 141203, 'caracciolo parra perez'),
(567, 1412, 141204, 'domingo peña'),
(568, 1412, 141205, 'el llano'),
(569, 1412, 141206, 'gonzalo picon febres'),
(570, 1412, 141207, 'jacinto plaza'),
(571, 1412, 141208, 'juan rodriguez suarez'),
(572, 1412, 141209, 'lasso de la vega'),
(573, 1412, 141210, 'mariano picon salas'),
(574, 1412, 141211, 'milla'),
(575, 1412, 141212, 'osuna rodriguez'),
(576, 1412, 141213, 'sagrario'),
(577, 1412, 141214, 'el morro'),
(578, 1412, 141215, 'los nevados'),
(579, 1413, 141302, 'andres eloy blanco'),
(580, 1413, 141303, 'la venta'),
(581, 1413, 141304, 'piñango'),
(582, 1414, 141402, 'eloy paredes'),
(583, 1414, 141403, 'san rafael de alcazar'),
(584, 1415, 141501, 'padre noguera'),
(585, 1416, 141601, 'pueblo llano'),
(586, 1417, 141702, 'cacute'),
(587, 1417, 141703, 'la toma'),
(588, 1417, 141704, 'mucuruba'),
(589, 1417, 141705, 'san rafael'),
(590, 1418, 141802, 'geronimo maldonado'),
(591, 1419, 141901, 'santos marquina'),
(592, 1420, 142002, 'chiguara'),
(593, 1420, 142003, 'estanquez'),
(594, 1420, 142004, 'la trampa'),
(595, 1420, 142005, 'pueblo nuevo del sur'),
(596, 1420, 142006, 'san juan'),
(597, 1421, 142101, 'el amparo'),
(598, 1421, 142102, 'el llano'),
(599, 1421, 142103, 'san francisco'),
(600, 1421, 142104, 'tovar'),
(601, 1422, 142202, 'independencia'),
(602, 1422, 142203, 'maria de la concepcion palacios y blanco'),
(603, 1422, 142204, 'santa apolonia'),
(604, 1423, 142302, 'caño el tigre'),
(605, 1501, 150101, 'caucagua'),
(606, 1501, 150103, 'arevalo gonzalez'),
(607, 1501, 150104, 'capaya'),
(608, 1501, 150105, 'el cafe'),
(609, 1501, 150106, 'marizapa'),
(610, 1501, 150107, 'panaquire'),
(611, 1501, 150108, 'ribas'),
(612, 1502, 150201, 'san jose de barlovento'),
(613, 1502, 150202, 'cumbo'),
(614, 1503, 150301, 'nuestra señora del rosario de baruta'),
(615, 1503, 150302, 'el cafetal'),
(616, 1503, 150303, 'las minas de baruta'),
(617, 1504, 150401, 'higuerote'),
(618, 1504, 150402, 'curiepe'),
(619, 1504, 150403, 'tacarigua'),
(620, 1505, 150501, 'mamporal'),
(621, 1506, 150601, 'carrizal'),
(622, 1507, 150701, 'chacao'),
(623, 1508, 150801, 'charallave'),
(624, 1508, 150802, 'las brisas'),
(625, 1509, 150901, 'el hatillo'),
(626, 1510, 151001, 'los teques'),
(627, 1510, 151002, 'altagracia de la montaña'),
(628, 1510, 151003, 'cecilio acosta'),
(629, 1510, 151004, 'el jarillo'),
(630, 1510, 151005, 'paracotos'),
(631, 1510, 151006, 'san pedro'),
(632, 1510, 151007, 'tacata'),
(633, 1511, 151101, 'santa teresa del tuy'),
(634, 1511, 151102, 'el cartanal'),
(635, 1512, 151201, 'ocumare del tuy'),
(636, 1512, 151202, 'la democracia'),
(637, 1512, 151203, 'santa barbara'),
(638, 1513, 151301, 'san antonio de los altos'),
(639, 1514, 151401, 'rio chico'),
(640, 1514, 151402, 'el guapo'),
(641, 1514, 151403, 'tacarigua de la laguna'),
(642, 1514, 151404, 'paparo'),
(643, 1514, 151405, 'san fernando del guapo'),
(644, 1515, 151501, 'santa lucia'),
(645, 1516, 151601, 'cupira'),
(646, 1516, 151602, 'machurucuto'),
(647, 1517, 151701, 'guarenas'),
(648, 1518, 151801, 'san francisco de yare'),
(649, 1518, 151802, 'san antonio de yare'),
(650, 1519, 151901, 'petare'),
(651, 1519, 151903, 'fila de mariche'),
(652, 1519, 151904, 'la dolorita'),
(653, 1519, 151905, 'leoncio martinez'),
(654, 1520, 152001, 'cua'),
(655, 1520, 152002, 'nueva cua'),
(656, 1521, 152101, 'guatire'),
(657, 1521, 152102, 'bolivar'),
(658, 1601, 160102, 'san francisco'),
(659, 1602, 160201, 'aguasay'),
(660, 1603, 160301, 'bolivar'),
(661, 1604, 160402, 'el guacharo'),
(662, 1604, 160403, 'la guanota'),
(663, 1604, 160404, 'sabana de piedra'),
(664, 1604, 160405, 'san agustin'),
(665, 1604, 160406, 'teresen'),
(666, 1605, 160502, 'areo'),
(667, 1605, 160503, 'san felix'),
(668, 1605, 160504, 'viento fresco'),
(669, 1606, 160602, 'el tejero'),
(670, 1607, 160702, 'chaguaramas'),
(671, 1607, 160703, 'las alhuacas'),
(672, 1607, 160704, 'tabasca'),
(673, 1608, 160802, 'alto de los godos'),
(674, 1608, 160803, 'boqueron'),
(675, 1608, 160804, 'las cocuizas'),
(676, 1608, 160805, 'san simon'),
(677, 1608, 160806, 'santa cruz'),
(678, 1608, 160807, 'el corozo'),
(679, 1608, 160808, 'el furrial'),
(680, 1608, 160809, 'jusepin'),
(681, 1608, 160810, 'la pica'),
(682, 1608, 160811, 'san vicente'),
(683, 1409, 140901, 'guaraque'),
(684, 1411, 141101, 'justo briceño'),
(685, 1410, 141001, 'julio cesar salas'),
(686, 1413, 141301, 'miranda'),
(687, 1414, 141401, 'obispo ramos de lora'),
(688, 1417, 141701, 'rangel'),
(689, 1418, 141801, 'rivas davila'),
(690, 1420, 142001, 'sucre'),
(691, 1422, 142201, 'tulio febres cordero'),
(692, 1423, 142301, 'zea'),
(693, 1601, 160101, 'acosta'),
(694, 1604, 160401, 'caripe'),
(695, 1605, 160501, 'cedeño'),
(696, 1606, 160601, 'ezequiel zamora'),
(697, 1607, 160701, 'libertador'),
(698, 1608, 160801, 'maturin'),
(699, 1501, 150102, 'araguita'),
(700, 1519, 151902, 'caucaguita'),
(701, 1609, 160902, 'aparicio'),
(702, 1609, 160903, 'chaguaramal'),
(703, 1609, 160904, 'el pinto'),
(704, 1609, 160905, 'guanaguana'),
(705, 1609, 160906, 'la toscana'),
(706, 1609, 160907, 'taguaya'),
(707, 1610, 161002, 'cachipo'),
(708, 1611, 161101, 'santa barbara'),
(709, 1612, 161202, 'los barrancos de fajardo'),
(710, 1613, 161301, 'uracoa'),
(711, 1703, 170302, 'zabala'),
(712, 1704, 170402, 'francisco fajardo'),
(713, 1705, 170502, 'bolivar'),
(714, 1705, 170503, 'guevara'),
(715, 1705, 170504, 'matasiete'),
(716, 1705, 170505, 'sucre'),
(717, 1706, 170602, 'aguirre'),
(718, 1707, 170702, 'adrian'),
(719, 1709, 170902, 'san francisco'),
(720, 1710, 171002, 'los barales'),
(721, 1711, 171102, 'vicente fuentes'),
(722, 1802, 180202, 'rio acarigua'),
(723, 1803, 180302, 'uveral'),
(724, 1804, 180402, 'cordoba'),
(725, 1804, 180403, 'san jose de la montaña'),
(726, 1804, 180404, 'san juan de guanaguanare'),
(727, 1804, 180405, 'virgen de la coromoto'),
(728, 1805, 180502, 'trinidad de la capilla'),
(729, 1805, 180503, 'divina pastora'),
(730, 1806, 180602, 'peña blanca'),
(731, 1807, 180702, 'aparicion'),
(732, 1807, 180703, 'la estacion'),
(733, 1808, 180802, 'payara'),
(734, 1808, 180803, 'pimpinela'),
(735, 1808, 180804, 'ramon peraza'),
(736, 1809, 180902, 'caño delgadito'),
(737, 1810, 181002, 'antolin tovar'),
(738, 1811, 181102, 'santa fe'),
(739, 1811, 181103, 'thermo morles'),
(740, 1812, 181202, 'florida'),
(741, 1813, 181302, 'concepcion'),
(742, 1813, 181303, 'san rafael de palo alzado'),
(743, 1813, 181304, 'uvencio antonio velasquez'),
(744, 1813, 181305, 'san jose de saguaz'),
(745, 1813, 181306, 'villa rosa'),
(746, 1814, 181402, 'canelones'),
(747, 1814, 181403, 'santa cruz'),
(748, 1814, 181404, 'san isidro labrador'),
(749, 1901, 190101, 'mariño'),
(750, 1901, 190102, 'romulo gallegos'),
(751, 1902, 190201, 'san jose de aerocuar'),
(752, 1902, 190202, 'tavera acosta'),
(753, 1903, 190301, 'rio caribe'),
(754, 1903, 190302, 'antonio jose de sucre'),
(755, 1903, 190303, 'el morro de puerto santo'),
(756, 1903, 190304, 'puerto santo'),
(757, 1903, 190305, 'san juan de las galdonas'),
(758, 1904, 190401, 'el pilar'),
(759, 1904, 190402, 'el rincon'),
(760, 1904, 190403, 'general francisco antonio vasquez'),
(761, 1904, 190404, 'guaraunos'),
(762, 1904, 190405, 'tunapuicito'),
(763, 1904, 190406, 'union'),
(764, 1905, 190501, 'bolivar'),
(765, 1905, 190502, 'macarapana'),
(766, 1905, 190503, 'santa catalina'),
(767, 1905, 190504, 'santa rosa'),
(768, 1905, 190505, 'santa teresa'),
(769, 1907, 190701, 'yaguaraparo'),
(770, 1907, 190702, 'el paujil'),
(771, 1907, 190703, 'libertad'),
(772, 1908, 190801, 'araya'),
(773, 1908, 190802, 'chacopata'),
(774, 1908, 190803, 'manicuare'),
(775, 1909, 190901, 'tunapuy'),
(776, 1909, 190902, 'campo elias'),
(777, 1910, 191001, 'irapa'),
(778, 1910, 191002, 'campo claro'),
(779, 1910, 191003, 'marabal'),
(780, 1910, 191004, 'san antonio de irapa'),
(781, 1910, 191005, 'soro'),
(782, 1912, 191201, 'cumanacoa'),
(783, 1912, 191202, 'arenas'),
(784, 1912, 191203, 'aricagua'),
(785, 1912, 191204, 'cocollar'),
(786, 1912, 191205, 'san fernando'),
(787, 1912, 191206, 'san lorenzo'),
(788, 1913, 191301, 'cariaco'),
(789, 1913, 191302, 'catuaro'),
(790, 1913, 191303, 'rendon'),
(791, 1913, 191304, 'santa cruz'),
(792, 1913, 191305, 'santa maria'),
(793, 1914, 191401, 'altagracia'),
(794, 1914, 191402, 'ayacucho'),
(795, 1914, 191403, 'santa ines'),
(796, 1914, 191404, 'valentin valiente'),
(797, 1914, 191405, 'san juan'),
(798, 1914, 191406, 'raul leoni'),
(799, 1914, 191407, 'gran mariscal'),
(800, 1915, 191501, 'guiria'),
(801, 1915, 191502, 'bideau'),
(802, 1915, 191503, 'cristobal colon'),
(803, 1915, 191504, 'punta de piedras'),
(804, 2002, 200201, 'antonio romulo acosta'),
(805, 2003, 200301, 'ayacucho'),
(806, 2003, 200302, 'rivas berti'),
(807, 2003, 200303, 'san pedro del rio'),
(808, 2004, 200401, 'bolivar'),
(809, 2004, 200402, 'palotal'),
(810, 2004, 200403, 'juan vicente gomez'),
(811, 2004, 200404, 'isaias medina angarita'),
(812, 1609, 160901, 'piar'),
(813, 1610, 161001, 'punceres'),
(814, 1612, 161201, 'sotillo'),
(815, 1701, 170101, 'antolin del campo'),
(816, 1702, 170201, 'arismendi'),
(817, 1703, 170301, 'diaz'),
(818, 1704, 170401, 'garcia'),
(819, 1705, 170501, 'gomez'),
(820, 1706, 170601, 'maneiro'),
(821, 1707, 170701, 'marcano'),
(822, 1708, 170801, 'mariño'),
(823, 1709, 170901, 'peninsula de macanao'),
(824, 1710, 171001, 'tubores'),
(825, 1711, 171101, 'villalba'),
(826, 1801, 180101, 'agua blanca'),
(827, 1802, 180201, 'araure'),
(828, 1803, 180301, 'esteller'),
(829, 1804, 180401, 'guanare'),
(830, 1805, 180501, 'guanarito'),
(831, 1807, 180701, 'ospino'),
(832, 1808, 180801, 'paez'),
(833, 1809, 180901, 'papelon'),
(834, 1810, 181001, 'san genaro de boconoito'),
(835, 1811, 181101, 'san rafael de onoto'),
(836, 1812, 181201, 'santa rosalia'),
(837, 1813, 181301, 'sucre'),
(838, 1814, 181401, 'turen'),
(839, 1906, 190601, 'bolivar'),
(840, 1911, 191101, 'mejia'),
(841, 2001, 200101, 'andres bello'),
(842, 2005, 200501, 'cardenas'),
(843, 2005, 200502, 'amenodoro rangel lamus'),
(844, 2005, 200503, 'la florida'),
(845, 2007, 200701, 'fernandez feo'),
(846, 2007, 200702, 'alberto adriani'),
(847, 2007, 200703, 'santo domingo'),
(848, 2008, 200801, 'san jose de bolivar'),
(849, 2009, 200901, 'garcia de hevia'),
(850, 2009, 200902, 'boca de grita'),
(851, 2009, 200903, 'jose antonio paez'),
(852, 2011, 201101, 'independencia'),
(853, 2011, 201102, 'juan german roscio'),
(854, 2011, 201103, 'roman cardenas'),
(855, 2012, 201201, 'jauregui'),
(856, 2012, 201202, 'emilio constantino guerrero'),
(857, 2012, 201203, 'monseñor miguel antonio salas'),
(858, 2013, 201301, 'vargas'),
(859, 2014, 201401, 'junin'),
(860, 2014, 201402, 'la petrolea'),
(861, 2014, 201403, 'quinimari'),
(862, 2014, 201404, 'bramon'),
(863, 2015, 201501, 'libertad'),
(864, 2015, 201502, 'cipriano castro'),
(865, 2015, 201503, 'manuel felipe rugeles'),
(866, 2016, 201601, 'libertador'),
(867, 2016, 201602, 'don emeterio ochoa'),
(868, 2016, 201603, 'doradas'),
(869, 2016, 201604, 'san joaquin de navay'),
(870, 2017, 201701, 'lobatera'),
(871, 2017, 201702, 'constitucion'),
(872, 2019, 201901, 'panamericano'),
(873, 2019, 201902, 'la palmita'),
(874, 2020, 202001, 'pedro maria ureña'),
(875, 2020, 202002, 'nueva arcadia'),
(876, 2021, 202101, 'delicias'),
(877, 2022, 202201, 'samuel dario maldonado'),
(878, 2022, 202202, 'bocono'),
(879, 2022, 202203, 'hernandez'),
(880, 2023, 202301, 'la concordia'),
(881, 2023, 202302, 'pedro maria morantes'),
(882, 2023, 202303, 'san juan bautista'),
(883, 2023, 202304, 'san sebastian'),
(884, 2023, 202305, 'dr francisco romero lobo'),
(885, 2025, 202501, 'san simon'),
(886, 2026, 202601, 'sucre'),
(887, 2026, 202602, 'eleazar lopez contreras'),
(888, 2026, 202603, 'san pablo'),
(889, 2027, 202701, 'torbes'),
(890, 2028, 202801, 'uribante'),
(891, 2028, 202802, 'cardenas'),
(892, 2028, 202803, 'juan pablo peñaloza'),
(893, 2028, 202804, 'potosi'),
(894, 2029, 202901, 'san judas tadeo'),
(895, 2101, 210101, 'santa isabel'),
(896, 2101, 210102, 'araguaney'),
(897, 2101, 210104, 'la esperanza'),
(898, 2102, 210201, 'bocono'),
(899, 2102, 210202, 'el carmen'),
(900, 2102, 210203, 'mosquey'),
(901, 2102, 210204, 'ayacucho'),
(902, 2102, 210205, 'burbusay'),
(903, 2102, 210206, 'general rivas'),
(904, 2102, 210207, 'guaramacal'),
(905, 2102, 210208, 'vega de guaramacal'),
(906, 2102, 210209, 'monseñor jauregui'),
(907, 2102, 210210, 'rafael rangel'),
(908, 2102, 210211, 'san miguel'),
(909, 2102, 210212, 'san jose'),
(910, 2103, 210301, 'sabana grande'),
(911, 2103, 210303, 'granados'),
(912, 2104, 210401, 'chejende'),
(913, 2104, 210402, 'arnoldo gabaldon'),
(914, 2104, 210403, 'bolivia'),
(915, 2104, 210404, 'carrillo'),
(916, 2104, 210405, 'cegarra'),
(917, 2104, 210406, 'manuel salvador ulloa'),
(918, 2104, 210407, 'san jose'),
(919, 2105, 210501, 'carache'),
(920, 2105, 210502, 'cuicas'),
(921, 2105, 210503, 'la concepcion'),
(922, 2105, 210504, 'panamericana'),
(923, 2105, 210505, 'santa cruz'),
(924, 2106, 210601, 'escuque'),
(925, 2106, 210602, 'la union'),
(926, 2106, 210603, 'sabana libre'),
(927, 2106, 210604, 'santa rita'),
(928, 2107, 210701, 'el socorro'),
(929, 2107, 210702, 'antonio jose de sucre'),
(930, 2107, 210703, 'los caprichos'),
(931, 2108, 210801, 'campo elias'),
(932, 2108, 210802, 'arnoldo gabaldon'),
(933, 2109, 210901, 'santa apolonia'),
(934, 2109, 210902, 'el progreso'),
(935, 2109, 210903, 'la ceiba'),
(936, 2109, 210904, 'tres de febrero'),
(937, 2110, 211001, 'el dividive'),
(938, 2110, 211002, 'agua santa'),
(939, 2110, 211003, 'agua caliente'),
(940, 2110, 211004, 'el cenizo'),
(941, 2110, 211005, 'valerita'),
(942, 2111, 211101, 'monte carmelo'),
(943, 2111, 211102, 'buena vista'),
(944, 2111, 211103, 'santa maria del horcon'),
(945, 2112, 211201, 'motatan'),
(946, 2112, 211202, 'el baño'),
(947, 2112, 211203, 'jalisco'),
(948, 2113, 211301, 'pampan'),
(949, 2113, 211302, 'flor de patria'),
(950, 2113, 211303, 'la paz'),
(951, 2113, 211304, 'santa ana'),
(952, 2114, 211401, 'pampanito'),
(953, 2114, 211402, 'la concepcion'),
(954, 2114, 211403, 'pampanito ii'),
(955, 2115, 211501, 'betijoque'),
(956, 2115, 211502, 'la pueblita'),
(957, 2115, 211503, 'los cedros'),
(958, 2115, 211504, 'jose gregorio hernandez'),
(959, 2116, 211601, 'carvajal'),
(960, 2116, 211602, 'antonio nicolas briceño'),
(961, 2116, 211603, 'campo alegre'),
(962, 2116, 211604, 'jose leonardo suarez'),
(963, 2117, 211701, 'sabana de mendoza'),
(964, 2117, 211702, 'el paraiso'),
(965, 2117, 211703, 'junin'),
(966, 2117, 211704, 'valmore rodriguez'),
(967, 2118, 211801, 'andres linares'),
(968, 2118, 211802, 'chiquinquira'),
(969, 2118, 211803, 'cristobal mendoza'),
(970, 2118, 211804, 'cruz carrillo'),
(971, 2118, 211805, 'matriz'),
(972, 2118, 211806, 'monseñor carrillo'),
(973, 2118, 211807, 'tres esquinas'),
(974, 2119, 211901, 'la quebrada'),
(975, 2119, 211902, 'cabimbu'),
(976, 2119, 211903, 'jajo'),
(977, 2119, 211904, 'la mesa'),
(978, 2119, 211905, 'santiago'),
(979, 2010, 201001, 'guasimos'),
(980, 2018, 201801, 'michelena'),
(981, 2024, 202401, 'seboruco'),
(982, 2101, 210103, 'el jaguito'),
(983, 2103, 210302, 'cheregue'),
(984, 2119, 211906, 'tuñame'),
(985, 2120, 212001, 'juan ignacio montilla'),
(986, 2120, 212002, 'la beatriz'),
(987, 2120, 212003, 'mercedes diaz'),
(988, 2120, 212004, 'san luis'),
(989, 2120, 212005, 'la puerta'),
(990, 2120, 212006, 'mendoza'),
(991, 2401, 240101, 'caraballeda'),
(992, 2401, 240102, 'carayaca'),
(993, 2401, 240103, 'caruao'),
(994, 2401, 240104, 'catia la mar'),
(995, 2401, 240105, 'el junko'),
(996, 2401, 240106, 'la guaira'),
(997, 2401, 240107, 'macuto'),
(998, 2401, 240108, 'maiquetia'),
(999, 2401, 240109, 'naiguata'),
(1000, 2401, 240110, 'urimare'),
(1001, 2401, 240111, 'carlos soublette'),
(1002, 2201, 220101, 'aristides bastidas'),
(1003, 2202, 220201, 'bolivar'),
(1004, 2203, 220301, 'bruzual'),
(1005, 2203, 220302, 'campo elias'),
(1006, 2204, 220401, 'cocorote'),
(1007, 2205, 220501, 'independencia'),
(1008, 2206, 220601, 'jose antonio paez'),
(1009, 2207, 220701, 'la trinidad'),
(1010, 2208, 220801, 'manuel monge'),
(1011, 2209, 220902, 'salom'),
(1012, 2209, 220903, 'temerla'),
(1013, 2210, 221002, 'san andres'),
(1014, 2211, 221102, 'albarico'),
(1015, 2211, 221103, 'san javier'),
(1016, 2212, 221201, 'sucre'),
(1017, 2213, 221301, 'urachiche'),
(1018, 2214, 221402, 'el guayabo'),
(1019, 2301, 230101, 'isla de toas'),
(1020, 2301, 230102, 'monagas'),
(1021, 2302, 230201, 'san timoteo'),
(1022, 2302, 230202, 'general urdaneta'),
(1023, 2302, 230203, 'libertador'),
(1024, 2302, 230204, 'manuel guanipa matos'),
(1025, 2302, 230205, 'marcelino briceño'),
(1026, 2302, 230206, 'pueblo nuevo'),
(1027, 2303, 230301, 'ambrosio'),
(1028, 2303, 230302, 'carmen herrera'),
(1029, 2303, 230303, 'german rios linares'),
(1030, 2303, 230304, 'la rosa'),
(1031, 2303, 230305, 'jorge hernandez'),
(1032, 2303, 230306, 'romulo betancourt'),
(1033, 2303, 230307, 'san benito'),
(1034, 2303, 230308, 'aristides calvani'),
(1035, 2303, 230309, 'punta gorda'),
(1036, 2304, 230401, 'encontrados'),
(1037, 2304, 230402, 'udon perez'),
(1038, 2305, 230501, 'san carlos del zulia'),
(1039, 2305, 230502, 'moralito'),
(1040, 2305, 230503, 'santa barbara'),
(1041, 2305, 230504, 'santa cruz del zulia'),
(1042, 2305, 230505, 'urribarri'),
(1043, 2306, 230601, 'simon rodriguez'),
(1044, 2306, 230602, 'carlos quevedo'),
(1045, 2306, 230603, 'francisco javier pulgar'),
(1046, 2306, 230604, 'agustin codazzi'),
(1047, 2307, 230701, 'la concepcion'),
(1048, 2307, 230702, 'jose ramon yepes'),
(1049, 2307, 230703, 'mariano parra leon'),
(1050, 2307, 230704, 'san jose'),
(1051, 2308, 230801, 'jesus maria semprun'),
(1052, 2308, 230802, 'bari'),
(1053, 2309, 230901, 'concepcion'),
(1054, 2309, 230902, 'andres bello'),
(1055, 2309, 230903, 'chiquinquira'),
(1056, 2309, 230904, 'el carmelo'),
(1057, 2309, 230905, 'potreritos'),
(1058, 2310, 231001, 'alonso de ojeda'),
(1059, 2310, 231002, 'libertad'),
(1060, 2310, 231003, 'campo lara'),
(1061, 2310, 231004, 'eleazar lopez contreras'),
(1062, 2310, 231005, 'venezuela'),
(1063, 2310, 231006, 'el danto'),
(1064, 2311, 231101, 'libertad'),
(1065, 2311, 231102, 'bartolome de las casas'),
(1066, 2311, 231103, 'rio negro'),
(1067, 2311, 231104, 'san jose de perija'),
(1068, 2312, 231201, 'san rafael'),
(1069, 2312, 231202, 'la sierrita'),
(1070, 2312, 231203, 'las parcelas'),
(1071, 2312, 231204, 'luis de vicente'),
(1072, 2312, 231205, 'monseñor marcos sergio godoy'),
(1073, 2312, 231206, 'ricaurte'),
(1074, 2312, 231207, 'tamare'),
(1075, 2313, 231301, 'antonio borjas romero'),
(1076, 2313, 231302, 'bolivar'),
(1077, 2313, 231303, 'cacique mara'),
(1078, 2313, 231304, 'caracciolo parra perez'),
(1079, 2313, 231305, 'cecilio acosta'),
(1080, 2313, 231306, 'cristo de aranza'),
(1081, 2313, 231307, 'coquivacoa'),
(1082, 2313, 231308, 'chiquinquira'),
(1083, 2313, 231309, 'francisco eugenio bustamante'),
(1084, 2313, 231310, 'idelfonso vasquez'),
(1085, 2313, 231311, 'juana de avila'),
(1086, 2313, 231312, 'luis hurtado higuera'),
(1087, 2313, 231313, 'manuel dagnino'),
(1088, 2313, 231314, 'olegario villalobos'),
(1089, 2313, 231315, 'raul leoni'),
(1090, 2313, 231316, 'santa lucia'),
(1091, 2313, 231317, 'venancio pulgar'),
(1092, 2313, 231318, 'san isidro'),
(1093, 2314, 231401, 'altagracia'),
(1094, 2314, 231402, 'ana maria campos'),
(1095, 2314, 231403, 'faria'),
(1096, 2314, 231404, 'san antonio'),
(1097, 2314, 231405, 'san jose'),
(1098, 2314, 231406, 'jose antonio chaves'),
(1099, 2315, 231501, 'sinamaica'),
(1100, 2315, 231502, 'alta guajira'),
(1101, 2315, 231503, 'elias sanchez rubio'),
(1102, 2315, 231504, 'guajira'),
(1103, 2316, 231601, 'el rosario'),
(1104, 2316, 231602, 'donaldo garcia'),
(1105, 2316, 231603, 'sixto zambrano'),
(1106, 2317, 231701, 'san francisco'),
(1107, 2317, 231702, 'el bajo'),
(1108, 2317, 231703, 'domitila flores'),
(1109, 2317, 231704, 'francisco ochoa'),
(1110, 2317, 231705, 'los cortijos'),
(1111, 2317, 231706, 'marcial hernandez'),
(1112, 2317, 231707, 'jose domingo rus'),
(1113, 2318, 231801, 'santa rita'),
(1114, 2318, 231802, 'el mene'),
(1115, 2318, 231803, 'jose cenovio urribarri'),
(1116, 2318, 231804, 'pedro lucas urribarri'),
(1117, 2319, 231901, 'manuel manrique'),
(1118, 2319, 231902, 'rafael maria baralt'),
(1119, 2319, 231903, 'rafael urdaneta'),
(1120, 2320, 232001, 'bobures'),
(1121, 2320, 232002, 'el batey'),
(1122, 2320, 232003, 'gibraltar'),
(1123, 2210, 221001, 'peña'),
(1124, 2211, 221101, 'san felipe'),
(1125, 2214, 221401, 'veroes'),
(1126, 2320, 232004, 'heras'),
(1127, 2320, 232005, 'monseñor arturo celestino alvarez'),
(1128, 2320, 232006, 'romulo gallegos'),
(1129, 2321, 232101, 'la victoria'),
(1130, 2321, 232102, 'rafael urdaneta'),
(1131, 2321, 232103, 'raul cuenca'),
(1132, 2501, 250101, 'gran roque'),
(1133, 2501, 250102, 'los testigos'),
(1134, 2501, 250103, 'chimanas'),
(1135, 305, 30505, 'mucura'),
(1136, 319, 31902, 'miguel otero silva'),
(1137, 1123, 112303, 'las vegas del tuy'),
(1138, 506, 50601, 'jose rafael revenga'),
(1139, 1408, 140801, 'cardenal quintero'),
(1140, 1806, 180601, 'monseñor jose vicente de unda'),
(1141, 2006, 200601, 'cordoba'),
(1142, 2209, 220901, 'nirgua'),
(1143, 802, 80201, 'guigue');

-- --------------------------------------------------------

--
-- Estructura de tabla para la tabla `rel_asic_parr`
--

CREATE TABLE IF NOT EXISTS `rel_asic_parr` (
`id_rel` int(11) NOT NULL,
  `cod_parr` int(11) DEFAULT NULL,
  `cod_asic` int(11) DEFAULT NULL
) ENGINE=MyISAM  DEFAULT CHARSET=utf8 AUTO_INCREMENT=140 ;

--
-- Volcado de datos para la tabla `rel_asic_parr`
--

INSERT INTO `rel_asic_parr` (`id_rel`, `cod_parr`, `cod_asic`) VALUES
(1, 230101, 230024),
(2, 230102, 230024),
(3, 230202, 230048),
(4, 230205, 230048),
(5, 230203, 230048),
(6, 230201, 230059),
(7, 230206, 230059),
(8, 230204, 230059),
(9, 232102, 230030),
(10, 232101, 230030),
(11, 232103, 230030),
(12, 231004, 230017),
(13, 231003, 230017),
(14, 231005, 230017),
(15, 231001, 230017),
(16, 231001, 230044),
(17, 231001, 230061),
(18, 231002, 230017),
(19, 231002, 230044),
(20, 231002, 230061),
(21, 231903, 230006),
(22, 231902, 230006),
(23, 231901, 230006),
(24, 230308, 230036),
(25, 230309, 230036),
(26, 230304, 230036),
(27, 230305, 230025),
(28, 230306, 230025),
(29, 230303, 230021),
(30, 230307, 230021),
(31, 230302, 230003),
(32, 230301, 230003),
(33, 231804, 230034),
(34, 231802, 230034),
(35, 231801, 230034),
(36, 231803, 230034),
(37, 231404, 230039),
(38, 231402, 230039),
(39, 231402, 230002),
(40, 231401, 230039),
(41, 231401, 230002),
(42, 231403, 230002),
(43, 231405, 230002),
(44, 232003, 230049),
(45, 232006, 230049),
(46, 232002, 230049),
(47, 232001, 230049),
(48, 232004, 230049),
(49, 232005, 230049),
(50, 230603, 230016),
(51, 230602, 230016),
(52, 230601, 230016),
(53, 230604, 230016),
(54, 230505, 230056),
(55, 230502, 230056),
(56, 230503, 230056),
(57, 230504, 230056),
(58, 230504, 230051),
(59, 230501, 230051),
(60, 230401, 230019),
(61, 230402, 230019),
(62, 230801, 230008),
(63, 230802, 230008),
(64, 231103, 230005),
(65, 231103, 230040),
(66, 231102, 230005),
(67, 231104, 230005),
(68, 231101, 230040),
(69, 231102, 230040),
(70, 231601, 230050),
(71, 231601, 230023),
(72, 231603, 230050),
(73, 231603, 230023),
(74, 231602, 230023),
(75, 230902, 230023),
(76, 230902, 230012),
(77, 230903, 230012),
(78, 230901, 230012),
(79, 230904, 230012),
(80, 230905, 230012),
(81, 230702, 230028),
(82, 230704, 230028),
(83, 230701, 230028),
(84, 230703, 230028),
(85, 231705, 230041),
(86, 231703, 230032),
(87, 231703, 230015),
(88, 231706, 230041),
(89, 231706, 230015),
(90, 231701, 230014),
(91, 231702, 230014),
(92, 231701, 230052),
(93, 231704, 230043),
(94, 231318, 230047),
(95, 231309, 230063),
(96, 231309, 230027),
(97, 231312, 230020),
(98, 231312, 230026),
(99, 231313, 230038),
(100, 231313, 230018),
(101, 231306, 230013),
(102, 231306, 230029),
(103, 231305, 230010),
(104, 231303, 230004),
(105, 231303, 230033),
(106, 231315, 230031),
(107, 231301, 230035),
(108, 231317, 230022),
(109, 231304, 230037),
(110, 231304, 230045),
(111, 231308, 230058),
(112, 231302, 230058),
(113, 231302, 230062),
(114, 231316, 230062),
(115, 231314, 230011),
(116, 231311, 230053),
(117, 231307, 230001),
(118, 231307, 230064),
(119, 231310, 230009),
(120, 231310, 230042),
(121, 231206, 230057),
(122, 231202, 230057),
(123, 231205, 230054),
(124, 231202, 230054),
(125, 231203, 230054),
(126, 231201, 230054),
(127, 231201, 230055),
(128, 231207, 230055),
(129, 231204, 230007),
(130, 231503, 230007),
(131, 231503, 230046),
(132, 231501, 230060),
(133, 231502, 230046),
(134, 231504, 230046),
(135, 230101, 230024),
(136, 230102, 230024);

-- --------------------------------------------------------

--
-- Estructura de tabla para la tabla `tipo_establecimientos`
--

CREATE TABLE IF NOT EXISTS `tipo_establecimientos` (
`id_tipo` int(11) NOT NULL,
  `tipo` varchar(50) DEFAULT NULL
) ENGINE=MyISAM  DEFAULT CHARSET=utf8 AUTO_INCREMENT=5 ;

--
-- Volcado de datos para la tabla `tipo_establecimientos`
--

INSERT INTO `tipo_establecimientos` (`id_tipo`, `tipo`) VALUES
(1, 'hospital'),
(2, 'cdi'),
(3, 'raes'),
(4, 'racs');

--
-- Índices para tablas volcadas
--

--
-- Indices de la tabla `asic`
--
ALTER TABLE `asic`
 ADD PRIMARY KEY (`id_asic`), ADD UNIQUE KEY `cod_asic` (`cod_asic`);

--
-- Indices de la tabla `estados`
--
ALTER TABLE `estados`
 ADD PRIMARY KEY (`id_estado`), ADD UNIQUE KEY `cod_estado` (`cod_estado`);

--
-- Indices de la tabla `municipios`
--
ALTER TABLE `municipios`
 ADD PRIMARY KEY (`id_mun`), ADD UNIQUE KEY `cod_mun` (`cod_mun`), ADD KEY `cod_estado` (`cod_estado`);

--
-- Indices de la tabla `parroquias`
--
ALTER TABLE `parroquias`
 ADD PRIMARY KEY (`id_parr`), ADD UNIQUE KEY `cod_parr` (`cod_parr`), ADD KEY `cod_mun` (`cod_mun`);

--
-- Indices de la tabla `rel_asic_parr`
--
ALTER TABLE `rel_asic_parr`
 ADD PRIMARY KEY (`id_rel`), ADD KEY `cod_parr` (`cod_parr`), ADD KEY `cod_asic` (`cod_asic`);

--
-- Indices de la tabla `tipo_establecimientos`
--
ALTER TABLE `tipo_establecimientos`
 ADD PRIMARY KEY (`id_tipo`);

--
-- AUTO_INCREMENT de las tablas volcadas
--

--
-- AUTO_INCREMENT de la tabla `asic`
--
ALTER TABLE `asic`
MODIFY `id_asic` int(11) NOT NULL AUTO_INCREMENT,AUTO_INCREMENT=65;
--
-- AUTO_INCREMENT de la tabla `estados`
--
ALTER TABLE `estados`
MODIFY `id_estado` int(10) unsigned NOT NULL AUTO_INCREMENT,AUTO_INCREMENT=26;
--
-- AUTO_INCREMENT de la tabla `municipios`
--
ALTER TABLE `municipios`
MODIFY `id_mun` int(10) unsigned NOT NULL AUTO_INCREMENT,AUTO_INCREMENT=337;
--
-- AUTO_INCREMENT de la tabla `parroquias`
--
ALTER TABLE `parroquias`
MODIFY `id_parr` int(10) unsigned NOT NULL AUTO_INCREMENT,AUTO_INCREMENT=1144;
--
-- AUTO_INCREMENT de la tabla `rel_asic_parr`
--
ALTER TABLE `rel_asic_parr`
MODIFY `id_rel` int(11) NOT NULL AUTO_INCREMENT,AUTO_INCREMENT=140;
--
-- AUTO_INCREMENT de la tabla `tipo_establecimientos`
--
ALTER TABLE `tipo_establecimientos`
MODIFY `id_tipo` int(11) NOT NULL AUTO_INCREMENT,AUTO_INCREMENT=5;
/*!40101 SET CHARACTER_SET_CLIENT=@OLD_CHARACTER_SET_CLIENT */;
/*!40101 SET CHARACTER_SET_RESULTS=@OLD_CHARACTER_SET_RESULTS */;
/*!40101 SET COLLATION_CONNECTION=@OLD_COLLATION_CONNECTION */;
